-- phpMyAdmin SQL Dump
-- version 4.7.3
-- https://www.phpmyadmin.net/
--
-- Хост: 127.0.0.1:3306
-- Время создания: Окт 12 2018 г., 15:48
-- Версия сервера: 5.7.19
-- Версия PHP: 7.1.7

SET SQL_MODE = "NO_AUTO_VALUE_ON_ZERO";
SET AUTOCOMMIT = 0;
START TRANSACTION;
SET time_zone = "+00:00";


/*!40101 SET @OLD_CHARACTER_SET_CLIENT=@@CHARACTER_SET_CLIENT */;
/*!40101 SET @OLD_CHARACTER_SET_RESULTS=@@CHARACTER_SET_RESULTS */;
/*!40101 SET @OLD_COLLATION_CONNECTION=@@COLLATION_CONNECTION */;
/*!40101 SET NAMES utf8mb4 */;

--
-- База данных: `university_db`
--

-- --------------------------------------------------------

--
-- Структура таблицы `address`
--

CREATE TABLE `address` (
  `id` int(11) NOT NULL,
  `city` text NOT NULL,
  `street` text NOT NULL,
  `number` varchar(4) NOT NULL
) ENGINE=InnoDB DEFAULT CHARSET=utf8;

--
-- Дамп данных таблицы `address`
--

INSERT INTO `address` (`id`, `city`, `street`, `number`) VALUES
(1, 'Чернівці', 'Головна', '1-А'),
(2, 'Чернівці', 'Головна', '50-Б'),
(3, 'Чернівці', 'Головна', '89-В'),
(4, 'Чернівці', 'Головна', '150'),
(5, 'Чернівці', 'пр. Незалежності', '32'),
(6, 'Чернівці', 'пр. Незалежності', '93'),
(7, 'Чернівці', 'Хотинська', '14'),
(8, 'Чернівці', 'Хотинська', '102'),
(9, 'Чернівці', 'Небесної Сотні', '16'),
(10, 'Чернівці', 'Героїв Майдану', '25'),
(11, 'Чернівці', 'Героїв Майдану', '62'),
(12, 'Тернопіль', 'Шевченка', '1'),
(13, 'Тернопіль', 'І. Франка', '3'),
(14, 'Тернопіль', 'Л. Українки', '10'),
(15, 'Тернопіль', 'Космонавтів', '100'),
(16, 'Київ', 'Банкова', '4'),
(17, 'Київ', 'Грушевського', '20'),
(18, 'Київ', 'Софіївська', '15'),
(19, 'Київ', 'Перемоги', '5'),
(20, 'Київ', 'PHP програмістів', '7'),
(21, 'Київ', 'Будівельників', '9');

-- --------------------------------------------------------

--
-- Структура таблицы `category`
--

CREATE TABLE `category` (
  `id` int(11) NOT NULL,
  `name` text NOT NULL
) ENGINE=InnoDB DEFAULT CHARSET=utf8;

--
-- Дамп данных таблицы `category`
--

INSERT INTO `category` (`id`, `name`) VALUES
(1, 'Лікарства'),
(2, 'Вітаміни'),
(3, 'Нервова система'),
(4, 'Серцево судинні'),
(5, 'Обезболюючі'),
(6, 'Для зору'),
(7, 'Алергія'),
(8, 'Гігієна'),
(9, 'Дерматологія'),
(10, 'Для дітей');

-- --------------------------------------------------------

--
-- Структура таблицы `employee`
--

CREATE TABLE `employee` (
  `id` int(11) NOT NULL,
  `first_name` text NOT NULL,
  `last_name` text NOT NULL,
  `middle_name` text NOT NULL,
  `possition_id` int(11) NOT NULL,
  `pharmacy_id` int(11) NOT NULL,
  `address_id` int(11) NOT NULL,
  `birhdate` datetime NOT NULL,
  `age` int(11) NOT NULL,
  `experience` int(11) NOT NULL
) ENGINE=InnoDB DEFAULT CHARSET=utf8;

--
-- Дамп данных таблицы `employee`
--

INSERT INTO `employee` (`id`, `first_name`, `last_name`, `middle_name`, `possition_id`, `pharmacy_id`, `address_id`, `birhdate`, `age`, `experience`) VALUES
(1, 'Денис', 'Антош', 'Марінович', 1, 9, 1, '2018-10-12 00:00:00', 20, 1),
(2, 'Броновський', 'Степан', 'Іванович', 4, 1, 2, '2018-10-12 00:00:02', 21, 21),
(3, 'Возний', 'Кирило', 'Юрійович', 4, 2, 3, '2018-10-12 00:00:00', 20, 1),
(4, 'Гелетканич', 'Андрій', 'Іванович', 1, 1, 4, '2018-10-12 00:00:02', 19, 1),
(5, 'Іванов', 'Іванов', 'Іванов', 1, 2, 5, '2018-10-12 00:00:00', 50, 10),
(6, 'Іванов', 'Іванов', 'Іванов', 1, 3, 6, '2018-10-12 00:00:00', 50, 10),
(7, 'Іванов', 'Іванов', 'Іванов', 1, 4, 7, '2018-10-12 00:00:00', 50, 10),
(8, 'Іванов', 'Іванов', 'Іванов', 1, 5, 8, '2018-10-12 00:00:00', 50, 10),
(9, 'Іванов', 'Іванов', 'Іванов', 1, 6, 9, '2018-10-12 00:00:00', 50, 10),
(10, 'Іванов', 'Іванов', 'Іванов', 1, 7, 10, '2018-10-12 00:00:00', 50, 10),
(11, 'Іванов', 'Іванов', 'Іванов', 1, 8, 11, '2018-10-12 00:00:00', 50, 10),
(12, 'Іванов', 'Іванов', 'Іванов', 1, 10, 12, '2018-10-12 00:00:00', 50, 10),
(13, 'Іванов', 'Іванов', 'Іванов', 2, 1, 13, '2018-10-12 00:00:00', 50, 10),
(14, 'Іванов', 'Іванов', 'Іванов', 2, 2, 14, '2018-10-12 00:00:00', 50, 10),
(15, 'Іванов', 'Іванов', 'Іванов', 2, 3, 15, '2018-10-12 00:00:00', 50, 10),
(16, 'Іванов', 'Іванов', 'Іванов', 2, 4, 16, '2018-10-12 00:00:00', 50, 10),
(17, 'Іванов', 'Іванов', 'Іванов', 2, 5, 17, '2018-10-12 00:00:00', 50, 10),
(18, 'Іванов', 'Іванов', 'Іванов', 2, 6, 18, '2018-10-12 00:00:00', 50, 10),
(19, 'Іванов', 'Іванов', 'Іванов', 2, 7, 19, '2018-10-12 00:00:00', 50, 10),
(20, 'Іванов', 'Іванов', 'Іванов', 2, 8, 20, '2018-10-12 00:00:00', 50, 10),
(21, 'Іванов', 'Іванов', 'Іванов', 2, 9, 1, '2018-10-12 00:00:00', 50, 10),
(22, 'Іванов', 'Іванов', 'Іванов', 3, 1, 2, '2018-10-12 00:00:00', 50, 10),
(23, 'Іванов', 'Іванов', 'Іванов', 3, 2, 3, '2018-10-12 00:00:00', 50, 10),
(24, 'Іванов', 'Іванов', 'Іванов', 3, 3, 4, '2018-10-12 00:00:00', 50, 10),
(25, 'Іванов', 'Іванов', 'Іванов', 3, 4, 5, '2018-10-12 00:00:00', 50, 10),
(26, 'Іванов', 'Іванов', 'Іванов', 3, 5, 6, '2018-10-12 00:00:00', 50, 10),
(27, 'Іванов', 'Іванов', 'Іванов', 3, 6, 7, '2018-10-12 00:00:00', 50, 10),
(28, 'Іванов', 'Іванов', 'Іванов', 3, 7, 8, '2018-10-12 00:00:00', 50, 10),
(29, 'Іванов', 'Іванов', 'Іванов', 3, 8, 9, '2018-10-12 00:00:00', 50, 10),
(30, 'Іванов', 'Іванов', 'Іванов', 3, 9, 10, '2018-10-12 00:00:00', 50, 10),
(31, 'Іванов', 'Іванов', 'Іванов', 3, 10, 11, '2018-10-12 00:00:00', 50, 10),
(32, 'Іванов', 'Іванов', 'Іванов', 2, 10, 12, '2018-10-12 00:00:00', 50, 10);

-- --------------------------------------------------------

--
-- Структура таблицы `pharmacy`
--

CREATE TABLE `pharmacy` (
  `id` int(11) NOT NULL,
  `address_id` int(11) NOT NULL,
  `work_time` text NOT NULL,
  `phine` int(10) NOT NULL
) ENGINE=InnoDB DEFAULT CHARSET=utf8;

--
-- Дамп данных таблицы `pharmacy`
--

INSERT INTO `pharmacy` (`id`, `address_id`, `work_time`, `phine`) VALUES
(1, 1, '8:00 - 20:00', 961234564),
(2, 2, '8:00 - 20:00', 971234564),
(3, 3, '8:00 - 20:00', 501234564),
(4, 4, '8:00 - 20:00', 981234564),
(5, 5, '8:00 - 20:00', 991234564),
(6, 6, '8:00 - 20:00', 671234564),
(7, 7, '8:00 - 20:00', 501234321),
(8, 8, '8:00 - 20:00', 501235321),
(9, 9, 'Цілодобово', 501236321),
(10, 10, 'Цілодобово', 501235987);

-- --------------------------------------------------------

--
-- Структура таблицы `possition`
--

CREATE TABLE `possition` (
  `id` int(11) NOT NULL,
  `name` text NOT NULL,
  `salary` float NOT NULL
) ENGINE=InnoDB DEFAULT CHARSET=utf8;

--
-- Дамп данных таблицы `possition`
--

INSERT INTO `possition` (`id`, `name`, `salary`) VALUES
(1, 'Продавець', 6000),
(2, 'Прибиральник', 4000),
(3, 'Фармацевт', 8000),
(4, 'Начальник відділення', 10000);

-- --------------------------------------------------------

--
-- Структура таблицы `product`
--

CREATE TABLE `product` (
  `id` int(11) NOT NULL,
  `name` text NOT NULL,
  `category_id` int(11) NOT NULL,
  `active` tinyint(1) NOT NULL,
  `recept` tinyint(1) NOT NULL,
  `price` float NOT NULL,
  `experience_date` datetime NOT NULL,
  `count` int(11) NOT NULL
) ENGINE=InnoDB DEFAULT CHARSET=utf8;

--
-- Дамп данных таблицы `product`
--

INSERT INTO `product` (`id`, `name`, `category_id`, `active`, `recept`, `price`, `experience_date`, `count`) VALUES
(1, 'Алергодил', 7, 1, 0, 350, '2019-10-12 23:28:56', 1000),
(2, 'Називин', 7, 1, 0, 70, '2019-10-12 23:00:00', 1000),
(3, 'Діазолін', 7, 1, 0, 20, '2022-10-12 02:00:00', 1000),
(4, 'Лоратідин', 7, 1, 1, 250, '2019-04-12 03:00:00', 50),
(5, 'Ксизал', 7, 1, 0, 120, '2022-10-12 02:00:00', 200),
(6, 'Блогир', 7, 1, 0, 299, '2019-04-12 03:00:00', 90),
(7, 'Промісан', 2, 1, 0, 1600, '2020-10-12 03:00:00', 250),
(8, 'Супрадин', 2, 1, 0, 315, '2028-01-12 03:00:00', 300),
(9, 'Йодомарин', 2, 1, 0, 160, '2020-10-12 03:00:00', 250),
(10, 'Вітамін С', 2, 1, 0, 100, '2028-01-12 03:00:00', 300),
(11, 'Сонник', 3, 1, 1, 200, '2023-10-12 00:04:00', 100),
(12, 'Валокардін', 3, 1, 0, 110, '2020-10-12 00:00:00', 400),
(13, 'Ново-пассит', 3, 1, 0, 900, '2023-10-12 00:04:00', 120),
(14, 'Тенотен', 3, 1, 0, 150, '2020-10-12 00:00:00', 220),
(15, 'Кардіомагніл', 4, 1, 0, 90, '2020-10-12 00:00:04', 350),
(16, 'Білобіл', 4, 1, 0, 300, '2018-10-12 01:00:00', 200),
(17, 'Кардіаск', 4, 1, 0, 55, '2020-10-12 00:00:04', 350),
(18, 'Мемоплант', 4, 1, 0, 290, '2018-10-12 01:00:00', 200),
(19, 'Візин', 6, 1, 0, 40, '2021-10-12 02:00:00', 500),
(20, 'Оптинол', 6, 1, 0, 80, '2021-10-12 02:00:00', 500);

-- --------------------------------------------------------

--
-- Структура таблицы `shopping`
--

CREATE TABLE `shopping` (
  `id` int(11) NOT NULL,
  `product_id` int(11) NOT NULL,
  `count` int(11) NOT NULL,
  `pharmacy_id` int(11) NOT NULL
) ENGINE=InnoDB DEFAULT CHARSET=utf8;

--
-- Дамп данных таблицы `shopping`
--

INSERT INTO `shopping` (`id`, `product_id`, `count`, `pharmacy_id`) VALUES
(1, 1, 1, 1),
(2, 2, 1, 2),
(3, 3, 1, 3),
(4, 4, 1, 4),
(5, 5, 1, 5),
(6, 6, 1, 6),
(7, 7, 1, 7),
(8, 8, 1, 8),
(9, 9, 1, 9),
(10, 10, 1, 1),
(11, 11, 10, 1),
(12, 11, 30, 3),
(13, 5, 5, 1),
(14, 20, 10, 1),
(15, 1, 1, 1),
(16, 15, 1, 7),
(17, 6, 2, 6),
(18, 19, 1, 4),
(19, 13, 5, 2),
(20, 1, 2, 8);

--
-- Индексы сохранённых таблиц
--

--
-- Индексы таблицы `address`
--
ALTER TABLE `address`
  ADD PRIMARY KEY (`id`);

--
-- Индексы таблицы `category`
--
ALTER TABLE `category`
  ADD PRIMARY KEY (`id`);

--
-- Индексы таблицы `employee`
--
ALTER TABLE `employee`
  ADD PRIMARY KEY (`id`);

--
-- Индексы таблицы `pharmacy`
--
ALTER TABLE `pharmacy`
  ADD PRIMARY KEY (`id`);

--
-- Индексы таблицы `possition`
--
ALTER TABLE `possition`
  ADD PRIMARY KEY (`id`);

--
-- Индексы таблицы `product`
--
ALTER TABLE `product`
  ADD PRIMARY KEY (`id`);

--
-- Индексы таблицы `shopping`
--
ALTER TABLE `shopping`
  ADD PRIMARY KEY (`id`);

--
-- AUTO_INCREMENT для сохранённых таблиц
--

--
-- AUTO_INCREMENT для таблицы `address`
--
ALTER TABLE `address`
  MODIFY `id` int(11) NOT NULL AUTO_INCREMENT, AUTO_INCREMENT=22;
--
-- AUTO_INCREMENT для таблицы `category`
--
ALTER TABLE `category`
  MODIFY `id` int(11) NOT NULL AUTO_INCREMENT, AUTO_INCREMENT=11;
--
-- AUTO_INCREMENT для таблицы `employee`
--
ALTER TABLE `employee`
  MODIFY `id` int(11) NOT NULL AUTO_INCREMENT, AUTO_INCREMENT=33;
--
-- AUTO_INCREMENT для таблицы `pharmacy`
--
ALTER TABLE `pharmacy`
  MODIFY `id` int(11) NOT NULL AUTO_INCREMENT, AUTO_INCREMENT=11;
--
-- AUTO_INCREMENT для таблицы `possition`
--
ALTER TABLE `possition`
  MODIFY `id` int(11) NOT NULL AUTO_INCREMENT, AUTO_INCREMENT=5;
--
-- AUTO_INCREMENT для таблицы `product`
--
ALTER TABLE `product`
  MODIFY `id` int(11) NOT NULL AUTO_INCREMENT, AUTO_INCREMENT=21;
--
-- AUTO_INCREMENT для таблицы `shopping`
--
ALTER TABLE `shopping`
  MODIFY `id` int(11) NOT NULL AUTO_INCREMENT, AUTO_INCREMENT=21;COMMIT;

/*!40101 SET CHARACTER_SET_CLIENT=@OLD_CHARACTER_SET_CLIENT */;
/*!40101 SET CHARACTER_SET_RESULTS=@OLD_CHARACTER_SET_RESULTS */;
/*!40101 SET COLLATION_CONNECTION=@OLD_COLLATION_CONNECTION */;
